{"cameraMode":{"drawMode":0,"name":"Shaded","section":"Shading Mode"},"sceneLighting":false,"audioPlay":false,"sceneViewState":{"showFog":false,"showMaterialUpdate":false,"showSkybox":false,"showFlares":false,"showImageEffects":false,"showParticleSystems":false},"in2DMode":false,"pivot":{"x":-0.024168727919459344,"y":0.2618814706802368,"z":-0.11560852080583573},"rotation":{"x":-0.02165413461625576,"y":-0.8967403769493103,"z":0.4398287832736969,"w":-0.04416077956557274},"size":2.3355517387390138,"orthographic":true}